"region","mullet_density","beehive_density","str_density"
"Midwest",0.01022357038535,0.0152791821143692,0.10156162228963
"Northeast",0.00963921784632333,0.00385568713852933,0.120995134490039
"South",0.00287653894833736,0.0135772638361523,0.149234840639742
"West",0.00971783163563985,0.016157358623112,0.191663739608945
