"style","mean_f1","mean_f2","mean_f3","mean_f4"
"Beehive",-1.4924054919712,2.47481381027929,0.260040821395986,2.74271132881122
"Mullet",-0.495840965329032,-0.225016075235448,0.785350881320866,0.386755671180589
"Straight",1.04793257704068,0.500722471437445,0.7405792369846,-3.62367531368157
